<?xml version="1.0"?>
  <project name="cloud_example" default="jar">
  <property file="${user.home}/build.properties" />
  <property file="${basedir}/build.properties" />

  <property name="name" value="sort"/>

  <property name="src.dir" value="${basedir}/03_sort"/>
  <property name="build.dir" value="${basedir}/build"/>
  <property name="build.classes" value="${build.dir}/classes"/>
  <property name="build.src" value="${build.dir}/src"/>
  <property name="build.encoding" value="ISO-8859-1"/>
  <property name="hadoop.home" value="/Users/babokim/work/program/hadoop-0.20.2"/>

  <property name="deploy.dir" value="${basedir}/build"/>
  <property name="dist.dir" value="${build.dir}/${name}"/>
  <property name="javac.version" value="1.6"/>

  <path id="classpath">
    <pathelement location="${build.classes}"/>
    <fileset dir="${hadoop.home}">
      <include name="lib/**/*.jar" />
      <include name="lib/*.jar" />
      <include name="hadoop*.jar" />
    </fileset>
  </path>

  <target name="init">
    <mkdir dir="${build.dir}"/>
    <mkdir dir="${build.classes}"/>
    <mkdir dir="${build.src}"/>
  </target>

  <target name="compile" depends="init">
    <echo message="srcdir:${src.dir}, ${build.src}"/>
    <javac encoding="${build.encoding}" srcdir="${src.dir};${build.src}"
      includes="**/*.java" destdir="${build.classes}" 
      	target="${javac.version}" source="${javac.version}">
      <classpath refid="classpath"/>
    </javac>
  </target>

  <target name="jar" depends="compile">
    <jar jarfile="${build.dir}/${name}.jar" basedir="${build.classes}">
    </jar>
  </target>

  <target name="clean">
    <delete dir="${build.dir}"/>
  </target>
</project>